"Date","Air.Temperature.Average..degF.","Air.Temperature.Maximum..degF.","Air.Temperature.Minimum..degF.","Air.Temperature.Observed..degF.","Dew.Point.Temperature..degF.","Precipitation.Accumulation..in.","Precipitation.Increment..in.","Relative.Humidity..pct.","Relative.Humidity.Maximum..pct.","Relative.Humidity.Minimum..pct.","Soil.Moisture.Percent..2in..pct.","Soil.Moisture.Percent..4in..pct.","Soil.Moisture.Percent..20in..pct.","Soil.Temperature.Observed..2in..degF.","Soil.Temperature.Observed..4in..degF.","Soil.Temperature.Observed..20in..degF.","Solar.Radiation.Average..watt.m2.","Wind.Direction.Average..degree.","Wind.Speed.Average..mph.","Wind.Speed.Maximum..mph.","Soil.Moisture.Percent..40in..pct.","Soil.Temperature.Observed..40in..degF."
"2021-02-20 00:00",68,69,67,68,63,18,0,81,87,81,22.9,12.6,16.5,71,73,40,0.01,73,1.1,4.2,NA,NA
"2021-02-20 01:00",66,67,66,67,63,NA,0,87,91,89,22.9,12.6,16.6,71,72,40,0.01,73,1.6,3.2,NA,NA
"2021-02-20 02:00",65,65,65,66,62,NA,0,90,91,86,22.9,12.7,16.5,70,72,40,0.01,64,1.9,4.2,NA,NA
"2021-02-20 03:00",65,65,65,65,60,NA,0,86,83,82,22.9,12.7,16.5,70,72,40,0.01,68,2,5.1,NA,NA
"2021-02-20 04:00",65,66,65,65,60,NA,0,82,82,81,22.9,12.7,16.5,70,72,40,0.01,76,2.4,6.2,NA,NA
"2021-02-20 05:00",65,66,65,65,59,NA,0,81,83,80,22.9,12.7,16.5,69,72,40,0.01,66,2.2,6.4,NA,NA
"2021-02-20 06:00",64,64,63,65,58,NA,0,83,84,81,22.9,12.6,16.5,69,72,40,0.66,80,2.5,5.3,NA,NA
"2021-02-20 07:00",66,67,64,64,59,NA,0,81,81,77,22.9,12.7,16.5,69,71,40,45.83,73,1.8,5,NA,NA
"2021-02-20 08:00",69,71,67,67,61,NA,0,77,77,71,22.9,12.7,16.5,69,71,40,197.4,77,0.7,3.4,NA,NA
"2021-02-20 09:00",72,73,72,71,63,NA,0,71,75,71,22.9,12.7,16.6,69,71,40,302.8,192,0.6,3.4,NA,NA
"2021-02-20 10:00",73,74,72,72,65,NA,0,71,76,74,22.9,12.8,16.7,71,71,40,445.6,217,1.3,5.4,NA,NA
"2021-02-20 11:00",74,74,73,73,66,NA,0,75,78,74,22.9,12.7,16.7,71,71,40,543.4,246,1.6,5.7,NA,NA
"2021-02-20 12:00",74,75,73,73,67,NA,0,78,78,76,22.9,12.8,16.9,74,71,40,645.7,265,1.6,5.8,NA,NA
"2021-02-20 13:00",75,76,74,74,67,NA,0,77,82,71,22.9,13,17,77,72,40,781.9,258,2,6,NA,NA
"2021-02-20 14:00",75,75,74,76,66,NA,0,71,75,71,22.9,12.9,17,78,72,40,671,246,1.8,7.5,NA,NA
"2021-02-20 15:00",74,76,73,74,66,NA,0,73,79,73,22.9,12.9,17,84,73,40,430.3,268,1.7,5.3,NA,NA
"2021-02-20 16:00",73,75,72,73,67,NA,0,78,82,75,22.9,12.9,17,82,74,40,178.6,268,1.4,5.1,NA,NA
"2021-02-20 17:00",71,71,71,72,66,NA,0,82,85,83,22.9,13,17,80,75,40,54.18,308,0.8,4.1,NA,NA
"2021-02-20 18:00",70,70,69,71,67,NA,0,85,91,88,22.9,12.9,17,80,75,40,5.34,318,0.5,4.1,NA,NA
"2021-02-20 19:00",69,69,69,69,66,NA,0,91,91,90,22.9,12.9,17,77,75,40,0.02,46,0.3,3.2,NA,NA
"2021-02-20 20:00",68,69,68,69,65,NA,0,91,91,90,22.9,12.9,17,76,75,40,0.01,85,1.3,4.8,NA,NA
"2021-02-20 21:00",67,68,67,68,64,NA,0,90,89,88,22.9,12.9,17,75,75,40,0.02,76,1.2,3.2,NA,NA
"2021-02-20 22:00",67,68,66,67,63,NA,0,89,90,85,23,13,17,74,75,40,0.01,74,1.8,5.2,NA,NA
"2021-02-20 23:00",68,68,68,68,63,NA,0,85,86,83,23,13,17,74,75,40,0,61,1.3,4.2,NA,NA
"2021-02-20 00:00",66,67,65,65,61,22,0,88,88,83,NA,27,33.4,71,71,70,0.01,158,2.6,6.7,43.3,71
"2021-02-20 01:00",65,65,64,65,61,NA,0,88,89,86,NA,27,33.3,70,71,70,0.01,164,1.7,6.3,43.3,71
"2021-02-20 02:00",66,68,64,65,61,NA,0,86,87,82,NA,26.9,33.3,70,71,70,0.01,160,1.9,5.4,43.3,71
"2021-02-20 03:00",66,68,65,64,60,NA,0,87,85,77,NA,27,33.3,70,71,70,0.01,165,2,7.1,43.3,71
"2021-02-20 04:00",65,65,65,65,60,NA,0,84,86,84,NA,27,33.3,69,70,70,0.01,154,2.6,6.1,43.3,71
"2021-02-20 05:00",66,69,65,65,60,NA,0,84,84,80,NA,27,33.3,69,70,70,0,150,2.1,9.4,43.2,71
"2021-02-20 06:00",68,69,67,69,62,NA,0,80,82,80,NA,27,33.2,69,70,70,1.05,104,5.1,15.6,43.3,71
"2021-02-20 07:00",69,69,69,69,62,NA,0,80,81,78,NA,27,33.2,68,70,70,38.39,108,6.5,17.4,43.2,71
"2021-02-20 08:00",70,71,69,69,61,NA,0,79,77,71,NA,27,33.2,68,70,70,160.1,96,4.5,13.9,43.2,71
"2021-02-20 09:00",72,73,71,71,60,NA,0,71,71,63,NA,27,33.2,68,70,70,261.3,69,5.6,14.1,43.2,71
"2021-02-20 10:00",74,74,73,73,61,NA,0,63,64,64,NA,26.9,33.2,68,70,70,425.8,63,6.8,17.9,43.1,71
"2021-02-20 11:00",74,75,74,74,62,NA,0,64,68,65,NA,26.7,33.2,69,69,70,590.4,65,8.2,20.6,43.2,71
"2021-02-20 12:00",75,76,75,75,64,NA,0,67,70,66,NA,26.6,33.2,69,69,70,672,72,8.6,19.9,43.1,71
"2021-02-20 13:00",75,76,75,75,63,NA,0,70,67,65,NA,26.4,33.2,70,70,70,707.6,71,8.8,19.4,43.1,71
"2021-02-20 14:00",75,75,75,75,65,NA,0,65,71,69,NA,26.3,33.1,71,70,70,726.9,72,9,18.4,43.2,71
"2021-02-20 15:00",74,75,73,75,66,NA,0,71,82,73,NA,26.2,33.2,72,70,70,416,73,7.8,17.9,43.2,71
"2021-02-20 16:00",71,71,71,73,66,NA,0,82,85,84,NA,26.2,33.1,72,70,70,103.8,73,7.2,18.4,43.2,71
"2021-02-20 17:00",71,71,71,71,67,NA,0,85,90,85,NA,26.2,33.1,73,70,70,46.18,76,7.5,19.8,43.2,71
"2021-02-20 18:00",69,70,69,71,67,NA,0,90,92,91,NA,26.2,33.2,73,71,70,4.83,103,3.1,10.2,43.1,71
"2021-02-20 19:00",68,68,67,69,65,NA,0,92,94,92,NA,26.2,33.1,73,71,70,0.02,130,2.2,7.5,43.2,71
"2021-02-20 20:00",66,67,65,67,64,NA,0,93,93,92,NA,26.2,33,72,71,70,0.02,159,2,6.9,43.2,71
"2021-02-20 21:00",67,67,66,66,64,NA,0,93,90,88,NA,26.3,33,72,71,71,0.01,149,1.9,6,43.1,71
"2021-02-20 22:00",66,67,65,66,63,NA,0,90,91,88,NA,26.3,33,71,71,71,0.01,175,1.7,5.7,43.1,71
"2021-02-20 23:00",66,67,65,66,62,NA,0,90,90,86,NA,26.4,33.1,71,71,71,0.01,154,2.1,5.6,43.1,71
"2021-02-20 00:00",53,55,52,55,52,NA,0,99,98,91,17.2,26.3,26.5,61,62,62,0,152,3.7,6.8,NA,NA
"2021-02-20 01:00",52,53,52,52,50,NA,0,93,94,89,17.2,26.3,26.5,61,62,62,0,129,4.5,7.4,NA,NA
"2021-02-20 02:00",53,55,52,52,49,NA,0,89,90,84,17.2,26.3,26.4,61,62,62,0,161,5.4,9,NA,NA
"2021-02-20 03:00",52,53,51,52,49,NA,0,90,90,84,17.1,26.4,26.5,60,62,62,0,160,5.8,9.5,NA,NA
"2021-02-20 04:00",51,52,50,53,47,NA,0,84,89,86,17.2,26.3,26.5,60,62,62,0,163,6.3,9,NA,NA
"2021-02-20 05:00",52,53,51,52,48,NA,0,86,87,84,17.1,26.4,26.4,60,62,62,0,126,4.2,8.4,NA,NA
"2021-02-20 06:00",52,54,49,53,47,NA,0,84,91,80,17.2,26.3,26.4,60,62,62,1.18,121,3.9,6.3,NA,NA
"2021-02-20 07:00",52,53,50,49,47,NA,0,91,89,79,17.1,26.2,26.5,59,62,62,50.7,139,4.8,8.7,NA,NA
"2021-02-20 08:00",58,60,55,53,51,NA,0,86,85,75,17.1,26.3,26.5,59,61,62,171.8,163,4,7.7,NA,NA
"2021-02-20 09:00",61,61,61,60,54,NA,0,75,80,73,17,26.2,26.5,59,61,62,324,352,3.4,7.2,NA,NA
"2021-02-20 10:00",62,63,61,61,56,NA,0,74,84,78,17.1,26.2,26.5,59,61,62,454.2,322,3.1,8.1,NA,NA
"2021-02-20 11:00",64,64,62,61,56,NA,0,84,83,73,16.9,26.2,26.5,59,61,62,601.1,282,3.8,8.9,NA,NA
"2021-02-20 12:00",66,68,65,64,55,NA,0,73,69,68,16.9,26.1,26.5,59,61,62,728.2,312,3.4,8.2,NA,NA
"2021-02-20 13:00",68,69,67,68,57,NA,0,68,70,68,17,26.1,26.5,59,61,62,759.9,22,6.8,14.4,NA,NA
"2021-02-20 14:00",68,69,67,67,57,NA,0,68,74,62,17,26,26.5,60,61,62,669.6,7,6.8,13.6,NA,NA
"2021-02-20 15:00",66,67,65,68,58,NA,0,69,79,70,17.1,26,26.5,60,62,62,469.7,342,6.2,12.1,NA,NA
"2021-02-20 16:00",66,67,65,65,59,NA,0,79,79,74,17.1,26,26.5,61,62,62,393.3,285,5.3,9,NA,NA
"2021-02-20 17:00",61,64,60,66,60,NA,0,79,97,88,17.1,25.9,26.5,62,62,62,50.88,308,5.7,10.8,NA,NA
"2021-02-20 18:00",59,59,59,60,59,NA,0,97,99,98,17.2,26,26.5,62,63,62,3.2,291,1.5,4.2,NA,NA
"2021-02-20 19:00",58,59,58,59,58,NA,0,99,100,99,17.2,25.9,26.5,63,63,62,0.02,171,1.9,4.1,NA,NA
"2021-02-20 20:00",54,55,54,58,54,NA,0,100,100,98,17.1,25.9,26.5,63,64,62,0.04,128,3.7,5.7,NA,NA
"2021-02-20 21:00",55,55,54,54,53,NA,0,98,95,93,17.1,26,26.5,63,64,62,0.01,146,3.5,6,NA,NA
"2021-02-20 22:00",54,57,52,55,53,NA,0,95,95,94,17.2,26,26.5,63,64,62,0,186,4.6,6.7,NA,NA
"2021-02-20 23:00",58,58,58,57,57,NA,0,94,99,95,17.2,26,26.5,62,64,62,0.03,223,3.1,5.7,NA,NA
"2021-02-20 00:00",49,52,47,47,37,NA,0,59,72,51,NA,57.5,NA,51,52,52,0,246,8.9,16.7,NA,NA
"2021-02-20 01:00",53,53,52,52,49,NA,0,72,90,86,NA,57.5,NA,51,52,52,0.01,223,6.3,11.7,NA,NA
"2021-02-20 02:00",52,52,51,53,51,NA,0.02,90,100,92,NA,57.5,NA,51,52,52,0.01,218,6.1,10.4,NA,NA
"2021-02-20 03:00",51,51,51,51,51,NA,0.05,100,100,99,NA,57.5,NA,51,52,52,0.01,232,5.9,10.8,NA,NA
"2021-02-20 04:00",51,51,51,51,51,NA,0.03,99,100,99,NA,57.4,NA,51,52,52,0.01,228,5.1,8.9,NA,NA
"2021-02-20 05:00",51,51,51,51,51,NA,0.04,100,100,100,NA,57.4,NA,52,52,52,0.01,210,3.5,7.3,NA,NA
"2021-02-20 06:00",51,51,51,51,51,NA,0.05,100,100,100,NA,57.4,NA,52,52,52,0.74,214,4.5,8.8,NA,NA
"2021-02-20 07:00",51,52,51,51,51,NA,0.04,100,100,100,NA,57.7,NA,52,52,52,35.32,185,3.9,9.2,NA,NA
"2021-02-20 08:00",52,52,51,52,52,NA,0.01,100,100,100,NA,57.9,NA,52,52,52,121.5,172,3.6,8.4,NA,NA
"2021-02-20 09:00",52,52,52,52,52,NA,0.02,100,100,100,NA,58,NA,53,52,52,214.1,161,4.5,9.8,NA,NA
"2021-02-20 10:00",51,51,51,52,51,NA,0.01,100,100,100,NA,58.2,NA,54,52,52,290.2,156,4.8,8.9,NA,NA
"2021-02-20 11:00",51,52,51,51,51,NA,0,100,100,100,NA,58.2,NA,55,52,52,368.4,172,5,9.6,NA,NA
"2021-02-20 12:00",53,55,52,51,53,NA,0,100,100,98,NA,58.2,NA,57,52,52,514.8,186,4.2,9.1,NA,NA
"2021-02-20 13:00",54,55,53,55,52,NA,0,98,94,91,NA,58.2,NA,58,52,52,561.9,150,4.2,9.1,NA,NA
"2021-02-20 14:00",54,56,53,53,52,NA,0,91,99,84,NA,58.2,NA,61,52,52,553.7,159,4.2,8.7,NA,NA
"2021-02-20 15:00",52,54,52,53,52,NA,0,97,99,96,NA,58.2,NA,62,52,52,319.6,181,4.7,9.7,NA,NA
"2021-02-20 16:00",53,54,51,52,51,NA,0,96,96,89,NA,58.1,NA,62,53,52,345.1,202,5.7,10.2,NA,NA
"2021-02-20 17:00",52,53,51,51,49,NA,0,95,94,89,NA,58,NA,61,53,52,127.9,211,5.5,13.7,NA,NA
"2021-02-20 18:00",50,51,49,51,44,NA,0,89,85,76,NA,58.1,NA,60,53,52,5.31,241,5.3,9.9,NA,NA
"2021-02-20 19:00",49,49,49,49,46,NA,0,85,88,86,NA,58,NA,57,53,52,0,247,6.1,9.5,NA,NA
"2021-02-20 20:00",49,50,48,49,47,NA,0,88,96,92,NA,58,NA,56,53,52,0.01,245,5.1,7.4,NA,NA
"2021-02-20 21:00",50,51,49,49,48,NA,0,93,95,92,NA,58,NA,55,53,52,0.01,242,5.8,12,NA,NA
"2021-02-20 22:00",50,51,49,51,48,NA,0,92,94,90,NA,58,NA,54,53,52,0.01,239,5.9,10.2,NA,NA
"2021-02-20 23:00",51,52,51,51,50,NA,0,94,99,94,NA,57.9,NA,54,53,52,0.01,232,5.9,10,NA,NA
"2021-02-20 00:00",40,40,39,40,20,32.1,0,36,50,39,16.5,26.7,11.4,40,48,47,0.01,359,2.3,5.3,NA,NA
"2021-02-20 01:00",42,42,41,40,36,NA,0,45,83,73,16.5,26.7,11.4,39,48,47,0,7,3.3,8.5,NA,NA
"2021-02-20 02:00",43,43,43,42,40,NA,0.01,81,93,79,16.5,26.7,11.3,40,48,47,0,11,3,7.3,NA,NA
"2021-02-20 03:00",43,44,43,43,42,NA,0.02,93,96,95,16.6,26.6,11.3,41,47,47,0.01,43,3.3,7,NA,NA
"2021-02-20 04:00",44,44,44,44,43,NA,0.02,96,97,96,16.9,26.7,11.4,42,47,47,0.01,54,4.1,8.2,NA,NA
"2021-02-20 05:00",44,44,44,44,43,NA,0.04,97,97,97,17.4,26.6,11.3,42,47,47,0.01,61,3.3,6.7,NA,NA
"2021-02-20 06:00",44,44,44,44,43,NA,0.02,97,97,97,18.4,26.8,11.3,43,47,47,1.12,42,2.8,5.5,NA,NA
"2021-02-20 07:00",44,45,44,44,44,NA,0.01,97,97,97,19.6,26.9,11.4,43,46,47,46.16,63,3.5,6.9,NA,NA
"2021-02-20 08:00",45,46,45,45,44,NA,0,97,97,97,20.4,27.1,11.3,44,46,47,177.5,75,4.2,8.7,NA,NA
"2021-02-20 09:00",46,47,46,46,45,NA,0,97,97,96,20.7,27.3,11.4,46,46,47,299.9,80,5.2,9.2,NA,NA
"2021-02-20 10:00",49,51,47,47,43,NA,0,96,96,57,20.8,27.5,11.4,48,46,47,423.4,66,3.6,8.4,NA,NA
"2021-02-20 11:00",51,53,49,51,45,NA,0,57,95,54,20.8,27.6,11.3,52,46,47,604.1,92,4.7,9.7,NA,NA
"2021-02-20 12:00",50,50,50,50,47,NA,0.01,90,93,86,20.6,27.7,11.4,56,46,47,726.2,86,6.1,11.8,NA,NA
"2021-02-20 13:00",52,54,52,50,45,NA,0,86,87,52,20.2,27.8,11.3,59,46,47,861,85,6.3,11.8,NA,NA
"2021-02-20 14:00",53,54,53,52,40,NA,0,78,71,56,19.7,27.7,11.5,63,47,47,768.5,93,6.4,11.8,NA,NA
"2021-02-20 15:00",52,53,51,53,38,NA,0,66,69,53,19.1,27.7,11.3,64,47,47,585,100,4.8,10,NA,NA
"2021-02-20 16:00",51,52,51,51,32,NA,0,63,58,41,18.8,27.7,11.3,63,47,47,420.1,100,4.2,9.3,NA,NA
"2021-02-20 17:00",49,50,47,51,34,NA,0,47,66,49,18.5,27.6,11.3,62,48,47,103.3,53,3,7.7,NA,NA
"2021-02-20 18:00",47,47,46,47,26,NA,0,49,48,36,18.2,27.5,11.3,58,49,47,4.36,35,2.8,6.4,NA,NA
"2021-02-20 19:00",46,47,44,47,20,NA,0,36,42,33,18.2,27.4,11.3,53,49,47,0,29,3.2,6.5,NA,NA
"2021-02-20 20:00",46,46,44,44,16,NA,0,36,32,28,18.2,27.4,11.3,50,50,47,0,37,3.6,7,NA,NA
"2021-02-20 21:00",43,44,42,46,20,NA,0,30,68,32,18.1,27.3,11.3,48,50,47,0,31,3.2,8.1,NA,NA
"2021-02-20 22:00",43,43,42,42,36,NA,0,68,82,71,18.1,27.2,11.3,46,50,47,0,20,3.4,6.4,NA,NA
"2021-02-20 23:00",43,43,43,43,41,NA,0,82,96,84,18.1,27.2,11.4,44,50,47,0.01,23,2.9,6.3,NA,NA
"2021-02-20 00:00",60,60,59,60,57,6.6,0,94,92,88,24.3,27.4,26.9,71,63,64,0.01,175,2.7,5.3,21,NA
"2021-02-20 01:00",55,55,54,59,54,NA,0,88,98,96,24.1,27.1,26.9,70,63,64,0.01,148,1.8,4.9,20.9,NA
"2021-02-20 02:00",54,55,53,54,53,NA,0,98,99,97,24.1,27.3,26.7,70,62,64,0.01,146,2.5,4.7,21,NA
"2021-02-20 03:00",54,54,53,53,53,NA,0,98,99,97,24,27.1,27.2,70,62,64,0.01,154,2,3.5,21,NA
"2021-02-20 04:00",56,57,54,54,54,NA,0,97,94,91,23.8,27.3,26.9,69,62,64,0,160,2.3,4.8,21.1,NA
"2021-02-20 05:00",56,56,56,57,54,NA,0,91,97,94,23.6,27.3,27.1,69,61,64,0.01,129,2.7,7.1,21.1,NA
"2021-02-20 06:00",53,54,51,56,52,NA,0,94,97,95,23.5,27,26.9,68,61,64,1.46,130,2.5,4.1,20.9,NA
"2021-02-20 07:00",54,56,52,51,54,NA,0.01,95,99,96,23.5,27.2,27,68,61,64,35.27,128,2.3,4.3,21,NA
"2021-02-20 08:00",59,60,58,56,59,NA,0,99,99,98,23.3,27.3,26.8,68,60,64,145.5,52,2.6,7.8,21.1,NA
"2021-02-20 09:00",62,63,61,60,60,NA,0,98,98,93,23.2,27.4,26.8,67,60,64,279,5,6,10.6,21.1,NA
"2021-02-20 10:00",65,66,63,63,60,NA,0,94,90,79,23.4,27.1,27,67,61,64,434.7,25,6.5,12.1,21,NA
"2021-02-20 11:00",68,69,67,66,59,NA,0,79,75,71,23.5,27.1,26.9,68,62,64,641.6,24,7.2,12.5,21,NA
"2021-02-20 12:00",70,71,69,69,61,NA,0,74,78,71,23.4,27.1,26.8,68,62,64,711.6,3,8.4,15.6,20.9,NA
"2021-02-20 13:00",70,71,69,71,61,NA,0,78,75,69,23.5,27.2,26.9,69,64,64,703.7,33,8.4,14.4,20.9,NA
"2021-02-20 14:00",70,71,70,70,62,NA,0,75,76,73,23.5,27.1,26.9,70,64,64,683.8,15,8.2,13.3,20.9,NA
"2021-02-20 15:00",69,69,69,70,62,NA,0,75,80,77,23.8,27.2,27,71,65,64,460.7,21,6.6,13.3,21,NA
"2021-02-20 16:00",68,70,66,69,62,NA,0,80,87,75,24.2,27.1,27,72,66,64,320.3,351,7.6,13,21,NA
"2021-02-20 17:00",64,65,63,66,62,NA,0,87,95,88,24.3,27.1,26.7,73,66,64,94.1,338,5.4,10.4,21,NA
"2021-02-20 18:00",62,62,60,63,61,NA,0,95,98,96,24.2,27.1,26.9,73,66,64,4.75,49,1.9,4.9,21,NA
"2021-02-20 19:00",58,60,57,60,58,NA,0,98,100,99,24.1,27.1,26.8,73,66,64,0.01,140,2.4,4.8,20.9,NA
"2021-02-20 20:00",56,58,55,57,56,NA,0,99,100,98,24,27.2,26.9,73,65,64,0,105,3.5,6,21.1,NA
"2021-02-20 21:00",59,60,59,58,59,NA,0,100,100,100,23.8,27.1,26.7,72,65,64,0,103,2,3.5,21,NA
"2021-02-20 22:00",59,60,58,60,59,NA,0,100,100,100,23.6,27.1,26.9,71,64,64,0.01,150,2,4.4,21,NA
"2021-02-20 23:00",59,60,59,58,59,NA,0,100,100,100,23.5,27,26.8,71,64,64,0.01,164,1.6,3.6,21.1,NA
"2021-02-21 00:00",68,68,68,68,63,18,0,86,84,82,23,12.9,17,73,74,40,0,66,0.9,3,NA,NA
"2021-02-21 01:00",68,68,68,68,63,NA,0,84,85,83,23,12.9,17,72,74,40,0,84,0.8,3.4,NA,NA
"2021-02-21 02:00",68,68,68,68,63,NA,0,83,84,83,23,12.9,16.9,72,74,40,0.01,90,0.6,2.7,NA,NA
"2021-02-21 03:00",68,68,68,68,63,NA,0,83,85,83,23,12.9,16.9,72,74,40,0.01,86,0.5,2.5,NA,NA
"2021-02-21 04:00",68,68,67,68,63,NA,0,84,87,84,23,13,17,71,73,40,0.01,78,0.7,2,NA,NA
"2021-02-21 05:00",67,67,66,68,62,NA,0,87,89,83,23,13,17,72,73,40,0.02,75,1.4,3.4,NA,NA
"2021-02-21 06:00",65,66,65,66,60,NA,0,83,84,79,23,13,17,71,73,40,1.03,91,2.3,5.3,NA,NA
"2021-02-21 07:00",66,68,65,65,59,NA,0,82,79,72,23,13,16.9,70,73,40,95.2,71,2.1,6.3,NA,NA
"2021-02-21 08:00",72,74,70,68,61,NA,0,72,70,68,23,13,16.9,70,72,40,249.6,68,0.7,4,NA,NA
"2021-02-21 09:00",75,76,74,74,63,NA,0,70,70,64,22.9,13.1,16.9,72,72,40,487.3,274,1.1,4.5,NA,NA
"2021-02-21 10:00",76,76,75,76,65,NA,0,68,70,68,22.9,13.1,16.9,75,72,40,670.9,261,1.7,5.4,NA,NA
"2021-02-21 11:00",76,78,74,76,65,NA,0,68,72,63,22.9,13.1,16.9,75,72,40,740.2,255,1.7,5.8,NA,NA
"2021-02-21 12:00",76,76,75,78,66,NA,0,63,73,68,22.9,13.2,16.9,77,72,40,574.3,239,1.7,6.3,NA,NA
"2021-02-21 13:00",73,74,72,75,68,NA,0,72,88,81,22.9,13.4,16.9,81,73,40,198.8,254,1.4,7,NA,NA
"2021-02-21 14:00",71,72,71,72,66,NA,0,88,86,83,23,13.5,16.9,79,74,40,116.9,279,1.6,5.3,NA,NA
"2021-02-21 15:00",72,73,71,71,66,NA,0,83,81,78,22.9,13.4,16.9,80,74,40,230.5,303,0.9,4.7,NA,NA
"2021-02-21 16:00",72,73,71,73,67,NA,0,78,86,79,23,13.4,16.8,77,75,40,96.7,266,0.8,3.9,NA,NA
"2021-02-21 17:00",70,71,70,71,68,NA,0,86,93,88,22.9,13.4,16.8,78,75,40,31.6,234,0.7,3.8,NA,NA
"2021-02-21 18:00",69,69,68,70,66,NA,0,92,92,91,23,13.3,16.8,76,75,40,7.74,95,1.3,3.9,NA,NA
"2021-02-21 19:00",68,68,67,68,65,NA,0,92,93,90,23,13.1,16.8,77,75,40,0.02,77,1.6,3.7,NA,NA
"2021-02-21 20:00",67,68,67,67,64,NA,0,91,91,88,23,13.2,16.9,75,75,40,0.01,84,1.1,3.2,NA,NA
"2021-02-21 21:00",68,69,68,68,65,NA,0,88,89,87,23,13.2,16.9,74,74,40,0.01,101,1.3,4.3,NA,NA
"2021-02-21 22:00",68,69,67,69,65,NA,0,87,91,87,23,13.2,16.9,73,74,40,0.01,62,1.1,3,NA,NA
"2021-02-21 23:00",66,67,65,67,64,NA,0,91,94,92,23,13.3,16.8,74,74,40,0.02,61,1.9,3.6,NA,NA
"2021-02-21 00:00",66,67,65,66,62,22,0,89,90,84,NA,26.4,33.1,70,71,71,0.01,181,2,3.9,43,71
"2021-02-21 01:00",67,68,66,65,62,NA,0,90,88,83,NA,26.4,33,70,71,71,0.01,154,2.3,8.5,43.1,71
"2021-02-21 02:00",67,68,66,68,63,NA,0,83,89,82,NA,26.4,33,70,71,71,0.01,167,2,4.9,43.1,71
"2021-02-21 03:00",68,69,66,66,63,NA,0,88,89,81,NA,26.4,33,69,70,71,0.01,143,2.1,6.8,43,71
"2021-02-21 04:00",66,67,66,68,63,NA,0,83,91,87,NA,26.4,33,69,70,71,0.01,146,2.3,7,43.1,71
"2021-02-21 05:00",67,68,67,67,62,NA,0,88,84,81,NA,26.4,32.9,69,70,71,0.01,143,2.4,8.1,43.1,71
"2021-02-21 06:00",66,67,65,67,62,NA,0,81,90,82,NA,26.5,33,69,70,71,1.58,180,2.1,5.3,43,71
"2021-02-21 07:00",67,69,65,65,62,NA,0,90,90,80,NA,26.4,33,69,70,71,89.6,163,1.7,4.8,43,71
"2021-02-21 08:00",72,72,71,69,63,NA,0,80,77,73,NA,26.4,32.9,68,70,71,318.9,65,3.5,11.3,43,71
"2021-02-21 09:00",74,75,73,72,64,NA,0,74,74,68,NA,26.4,32.9,68,70,71,573.8,73,8.2,19.3,43,71
"2021-02-21 10:00",72,73,72,73,64,NA,0,74,78,72,NA,26.3,32.9,68,70,71,534.2,82,8.4,18.8,43,71
"2021-02-21 11:00",74,75,73,72,64,NA,0,73,74,68,NA,26.2,32.9,69,69,71,596.8,72,9.6,23.1,43,71
"2021-02-21 12:00",74,75,73,73,64,NA,0,74,74,68,NA,26,32.9,70,70,71,658.5,73,9.4,22,43,71
"2021-02-21 13:00",74,75,74,75,63,NA,0,68,70,62,NA,25.9,32.9,71,70,71,922,77,11.6,25.6,43,71
"2021-02-21 14:00",75,75,74,75,63,NA,0,62,70,61,NA,25.7,32.9,71,70,71,805,76,9.6,21.8,43.1,71
"2021-02-21 15:00",73,74,72,74,63,NA,0,70,75,67,NA,25.6,32.9,72,70,71,370,69,9.3,19.7,43,71
"2021-02-21 16:00",73,73,73,72,65,NA,0,75,77,74,NA,25.6,32.9,73,70,71,375.9,70,8.8,21,42.9,71
"2021-02-21 17:00",71,72,70,73,64,NA,0,75,83,77,NA,25.6,32.9,73,71,71,63.57,79,6.6,18,42.9,71
"2021-02-21 18:00",70,70,69,70,62,NA,0,77,76,74,NA,25.6,32.8,73,71,71,5.07,80,5.7,19.4,43,71
"2021-02-21 19:00",69,69,69,69,62,NA,0,76,79,77,NA,25.6,32.8,72,71,71,0.02,80,7.4,17.9,42.9,71
"2021-02-21 20:00",69,69,68,69,62,NA,0,77,80,74,NA,25.7,32.7,72,71,71,0.01,82,5,14.8,42.9,71
"2021-02-21 21:00",69,69,69,69,62,NA,0,80,82,77,NA,25.7,32.7,71,71,71,0.01,73,6.9,15.4,43,71
"2021-02-21 22:00",69,69,68,69,62,NA,0,77,80,80,NA,25.7,32.8,71,71,71,0.01,73,5.9,16.1,43,71
"2021-02-21 23:00",69,69,69,68,62,NA,0,80,80,77,NA,25.7,32.7,71,71,71,0.01,77,6.5,15.8,42.9,71
"2021-02-21 00:00",56,58,55,58,55,NA,0,99,99,94,17.1,26,26.5,62,64,62,0.07,180,3.6,6.1,NA,NA
"2021-02-21 01:00",56,57,55,55,55,NA,0,94,97,94,17.1,25.9,26.5,62,63,62,0.03,192,1.8,4.6,NA,NA
"2021-02-21 02:00",57,58,57,57,57,NA,0,97,99,98,17,26,26.5,62,63,62,0.07,108,1,2.8,NA,NA
"2021-02-21 03:00",57,58,57,57,57,NA,0,99,99,99,17,26,26.5,61,63,62,0.1,102,0.4,2.4,NA,NA
"2021-02-21 04:00",57,57,57,57,57,NA,0.02,99,100,100,17,25.9,26.5,61,63,62,0.03,177,0.3,2.3,NA,NA
"2021-02-21 05:00",56,57,56,57,56,NA,0,100,100,99,17.1,25.9,26.5,61,63,62,0.02,161,0.6,2.8,NA,NA
"2021-02-21 06:00",56,56,56,56,56,NA,0,99,100,99,17,25.9,26.6,61,63,62,1,108,1.4,4.2,NA,NA
"2021-02-21 07:00",56,57,55,56,55,NA,0,100,100,93,17.1,25.9,26.5,61,63,62,39.28,166,3.3,5.8,NA,NA
"2021-02-21 08:00",59,59,58,57,57,NA,0,93,96,91,17.4,25.8,26.6,61,62,62,166.5,301,2.2,5.9,NA,NA
"2021-02-21 09:00",62,64,61,59,57,NA,0,91,86,82,17.2,25.8,26.5,60,62,62,498.4,231,2.1,5.6,NA,NA
"2021-02-21 10:00",64,65,63,64,58,NA,0,82,88,73,17.3,25.8,26.6,60,62,62,513,344,5.3,10.4,NA,NA
"2021-02-21 11:00",64,65,63,63,60,NA,0,88,87,86,17.2,25.9,26.6,60,62,62,528.2,352,5.8,10.4,NA,NA
"2021-02-21 12:00",64,65,63,65,59,NA,0.01,87,88,78,17.2,25.8,26.6,61,62,62,567.9,348,6.4,12.2,NA,NA
"2021-02-21 13:00",62,62,61,65,59,NA,0,78,93,87,17.2,25.8,26.6,61,63,62,221,23,4,10.1,NA,NA
"2021-02-21 14:00",62,63,61,61,59,NA,0.02,93,96,87,17.2,25.8,26.6,62,63,62,316.8,30,2.9,7.8,NA,NA
"2021-02-21 15:00",62,63,62,63,59,NA,0,87,93,87,17.3,25.8,26.5,62,63,62,187.7,335,2.2,5.7,NA,NA
"2021-02-21 16:00",63,63,62,62,58,NA,0,90,88,83,17.3,25.8,26.5,63,64,62,166.9,320,1.2,5.9,NA,NA
"2021-02-21 17:00",63,64,62,63,60,NA,0,85,91,87,17.4,25.8,26.5,63,64,62,170.8,348,4.3,7.2,NA,NA
"2021-02-21 18:00",59,61,57,62,58,NA,0,91,99,93,17.5,25.8,26.6,63,64,62,16.85,274,3,6.4,NA,NA
"2021-02-21 19:00",57,58,57,57,57,NA,0,99,100,100,17.3,25.7,26.6,63,64,62,0.06,218,1.8,3.9,NA,NA
"2021-02-21 20:00",55,56,53,57,55,NA,0,100,100,99,17.3,25.9,26.6,63,64,62,0.07,99,3.1,5.3,NA,NA
"2021-02-21 21:00",53,54,52,53,52,NA,0,99,96,94,17.3,25.9,26.6,63,64,62,0.09,128,4.6,7.5,NA,NA
"2021-02-21 22:00",53,53,53,53,51,NA,0,96,94,90,17.6,25.8,26.6,63,64,62,0.06,161,6.3,8.8,NA,NA
"2021-02-21 23:00",54,54,53,53,52,NA,0,90,94,93,17.6,25.9,26.6,63,64,62,0.08,160,4.5,7.2,NA,NA
"2021-02-21 00:00",51,51,51,51,51,NA,0.01,99,100,100,NA,57.9,NA,53,53,52,0.02,219,5.5,9.6,NA,NA
"2021-02-21 01:00",51,51,51,51,51,NA,0,100,100,98,NA,57.9,NA,53,53,52,0.01,228,6,11.2,NA,NA
"2021-02-21 02:00",51,51,51,51,51,NA,0.02,98,100,100,NA,57.8,NA,53,53,52,0.01,210,4.6,9.1,NA,NA
"2021-02-21 03:00",51,51,51,51,51,NA,0.03,100,100,100,NA,57.8,NA,53,53,52,0.01,188,2.6,5.5,NA,NA
"2021-02-21 04:00",50,50,50,51,50,NA,0.03,100,100,100,NA,57.8,NA,53,53,52,0.01,194,3.1,7.3,NA,NA
"2021-02-21 05:00",50,50,50,50,50,NA,0.01,100,100,100,NA,57.8,NA,53,53,52,0.01,234,4.2,7.4,NA,NA
"2021-02-21 06:00",50,50,49,50,50,NA,0.01,100,100,100,NA,57.9,NA,53,53,52,0.98,236,4.4,7.2,NA,NA
"2021-02-21 07:00",50,51,50,49,50,NA,0,100,100,100,NA,58,NA,53,53,52,65.78,218,5.5,8.6,NA,NA
"2021-02-21 08:00",51,52,51,51,51,NA,0,100,100,100,NA,58.1,NA,53,53,52,149.7,189,4.7,10,NA,NA
"2021-02-21 09:00",52,53,51,52,52,NA,0,100,100,99,NA,58.1,NA,53,53,52,303.5,193,5.2,10.3,NA,NA
"2021-02-21 10:00",53,54,53,53,53,NA,0,99,98,97,NA,58.1,NA,55,53,52,410.9,180,5.3,10,NA,NA
"2021-02-21 11:00",54,55,54,54,54,NA,0.02,98,99,98,NA,58.1,NA,57,53,52,471.8,161,4.9,9.9,NA,NA
"2021-02-21 12:00",54,55,54,55,54,NA,0.02,99,99,99,NA,58,NA,59,53,52,498.2,137,5.5,11.1,NA,NA
"2021-02-21 13:00",55,55,54,54,54,NA,0.01,99,100,99,NA,58,NA,60,53,52,475.1,140,4.8,10.5,NA,NA
"2021-02-21 14:00",53,54,52,55,53,NA,0.03,100,100,100,NA,58.1,NA,62,53,52,293,128,5.1,10.8,NA,NA
"2021-02-21 15:00",53,53,53,53,53,NA,0.03,100,100,100,NA,58.1,NA,62,53,52,232.4,136,4,9,NA,NA
"2021-02-21 16:00",52,52,51,53,52,NA,0.01,100,100,100,NA,58.1,NA,62,53,52,169.3,150,4.1,7.7,NA,NA
"2021-02-21 17:00",51,51,51,51,51,NA,0.02,100,100,100,NA,58.3,NA,61,53,52,55.53,175,3,6.8,NA,NA
"2021-02-21 18:00",50,50,50,51,50,NA,0,100,100,100,NA,58.3,NA,60,54,52,2.81,204,2.6,5.7,NA,NA
"2021-02-21 19:00",50,50,50,50,50,NA,0.04,100,100,100,NA,58.3,NA,59,54,52,0.02,213,1.8,5.1,NA,NA
"2021-02-21 20:00",50,50,50,50,50,NA,0.02,100,100,100,NA,58.3,NA,57,54,52,0.02,189,2.7,6.5,NA,NA
"2021-02-21 21:00",49,50,49,50,49,NA,0.03,100,100,100,NA,58.4,NA,57,54,52,0.02,171,2.6,6.4,NA,NA
"2021-02-21 22:00",49,49,49,49,49,NA,0.04,100,100,100,NA,58.6,NA,56,54,52,0.02,156,2.6,7.1,NA,NA
"2021-02-21 23:00",48,48,48,49,48,NA,0.02,100,100,100,NA,58.7,NA,55,54,52,0.04,199,2.8,6,NA,NA
"2021-02-21 00:00",42,43,42,43,41,32.3,0,96,96,95,18.2,27.2,11.3,45,50,47,0.01,19,2.4,5.3,NA,NA
"2021-02-21 01:00",41,41,40,42,35,NA,0,95,96,61,18.3,27.1,11.3,44,50,47,0.01,359,2.9,5.6,NA,NA
"2021-02-21 02:00",42,42,41,41,38,NA,0,93,96,71,18.4,27.1,11.3,43,49,47,0.01,19,3.1,6.3,NA,NA
"2021-02-21 03:00",42,42,41,42,38,NA,0,96,96,65,18.4,27.2,11.3,42,49,47,0.01,19,4.1,7.8,NA,NA
"2021-02-21 04:00",42,44,40,41,30,NA,0,65,92,41,18.5,27.2,11.3,42,49,47,0,6,3.7,7.3,NA,NA
"2021-02-21 05:00",42,45,40,40,31,NA,0,92,95,42,18.6,27.2,11.3,40,49,47,0.01,356,3.5,6.3,NA,NA
"2021-02-21 06:00",43,44,42,45,22,NA,0,42,49,39,18.7,27.2,11.3,40,48,47,2.63,3,3.5,6.5,NA,NA
"2021-02-21 07:00",45,46,44,42,36,NA,0,45,95,39,18.6,27.2,11.3,39,48,47,123.6,60,4.3,7.6,NA,NA
"2021-02-21 08:00",46,48,45,44,43,NA,0,95,91,84,18.7,27.2,11.2,40,48,47,232.8,67,5.1,9.4,NA,NA
"2021-02-21 09:00",48,50,46,48,44,NA,0,86,94,72,18.7,27.2,11.3,43,47,47,482,86,6.2,11.4,NA,NA
"2021-02-21 10:00",49,49,48,48,45,NA,0,92,88,84,18.7,27.2,11.3,47,47,47,708.8,100,6.6,12,NA,NA
"2021-02-21 11:00",50,52,49,49,45,NA,0,84,86,75,18.6,27.2,11.2,53,47,47,866,100,6,11.6,NA,NA
"2021-02-21 12:00",51,53,51,52,47,NA,0,75,94,73,18.3,27.2,11.3,59,47,47,789,102,6.3,12.1,NA,NA
"2021-02-21 13:00",50,51,49,51,48,NA,0.01,94,96,94,18,27.2,11.3,64,47,47,504.4,95,6.3,11.6,NA,NA
"2021-02-21 14:00",47,48,47,49,47,NA,0.02,96,96,96,18,27.2,11.2,63,47,47,297,100,5.7,11,NA,NA
"2021-02-21 15:00",47,47,46,47,46,NA,0.02,96,96,96,18.2,27.2,11.3,60,48,47,378.5,96,6,11.1,NA,NA
"2021-02-21 16:00",46,47,46,47,45,NA,0.01,96,96,96,18.8,27.2,11.3,60,48,47,246.9,86,5.4,10.1,NA,NA
"2021-02-21 17:00",46,46,45,46,45,NA,0,96,96,96,19.7,27.3,11.2,58,49,47,207.4,56,4.7,8.6,NA,NA
"2021-02-21 18:00",42,44,40,45,37,NA,0,96,96,66,19.9,27.4,11.3,55,50,47,9.49,24,3.3,8.5,NA,NA
"2021-02-21 19:00",41,42,41,42,35,NA,0,95,96,57,19.8,27.6,11.2,51,50,47,0.01,29,5.3,9.6,NA,NA
"2021-02-21 20:00",41,41,40,41,39,NA,0,71,96,87,19.8,27.6,11.3,48,50,47,0.01,18,4.7,8.9,NA,NA
"2021-02-21 21:00",42,43,41,41,28,NA,0,96,96,38,19.8,27.6,11.2,46,50,47,0.01,9,4.8,9.1,NA,NA
"2021-02-21 22:00",41,44,39,43,29,NA,0,38,94,35,19.8,27.6,11.3,44,50,47,0,23,4.9,9.7,NA,NA
"2021-02-21 23:00",39,39,38,39,37,NA,0,94,96,88,19.8,27.6,11.2,42,50,47,0.01,31,4.3,9.9,NA,NA
"2021-02-21 00:00",60,60,60,60,60,6.6,0,100,100,100,23.4,27,27,71,64,64,0.01,169,1.9,4.7,21,NA
"2021-02-21 01:00",60,60,60,60,60,NA,0.01,100,100,100,23.4,27,26.9,70,63,64,0.01,168,1.2,3.9,21.1,NA
"2021-02-21 02:00",61,61,60,60,61,NA,0.04,100,100,100,23.2,26.9,26.8,70,63,64,0.01,234,0.7,4.4,20.9,NA
"2021-02-21 03:00",61,61,61,61,61,NA,0.03,100,100,100,23,27,26.9,70,63,64,0.01,130,0.9,2.4,21,NA
"2021-02-21 04:00",61,61,61,61,61,NA,0.01,100,100,100,23.2,27,26.8,70,63,64,0.01,255,0.6,3,21,NA
"2021-02-21 05:00",60,60,60,61,60,NA,0.01,100,100,100,23,27,26.8,70,63,64,0.01,186,0.5,2.8,21,NA
"2021-02-21 06:00",59,60,59,60,59,NA,0,100,100,100,23,27,27.1,70,63,64,2.02,89,1,3.8,21.1,NA
"2021-02-21 07:00",59,60,58,59,59,NA,0,100,100,100,22.9,26.9,26.7,70,63,64,43.18,43,1.6,5.9,21.1,NA
"2021-02-21 08:00",61,62,60,60,60,NA,0,100,100,96,23,27.2,27.1,70,63,64,170.5,20,3.2,7.4,21,NA
"2021-02-21 09:00",64,67,63,62,61,NA,0,96,94,83,23,27,27.1,69,63,64,457.1,14,3.9,8.6,21,NA
"2021-02-21 10:00",67,68,65,67,63,NA,0,83,92,85,22.9,27.1,26.7,69,63,64,410.3,5,6.1,12.1,20.9,NA
"2021-02-21 11:00",67,68,65,65,62,NA,0,90,92,81,23.1,27.1,26.7,70,64,64,756.6,52,7.6,12.6,20.9,NA
"2021-02-21 12:00",69,69,68,67,63,NA,0,84,84,78,23.3,27.2,26.8,70,65,64,634.8,54,7.5,13.8,20.9,NA
"2021-02-21 13:00",69,71,67,69,63,NA,0,78,84,78,23.4,27.2,26.9,71,66,64,462.5,66,8.8,17,21,NA
"2021-02-21 14:00",67,69,65,67,61,NA,0,84,89,77,23.8,27.1,26.8,72,67,64,522.8,78,10.5,16.6,21,NA
"2021-02-21 15:00",68,68,67,69,61,NA,0,77,81,75,23.9,27.2,26.9,73,67,64,410.6,30,7.8,13.4,21,NA
"2021-02-21 16:00",66,68,64,68,60,NA,0,75,87,77,23.9,27,26.7,73,67,64,274.7,17,8.1,13.4,21,NA
"2021-02-21 17:00",64,64,62,64,60,NA,0,87,95,86,24.1,27,26.7,74,67,64,119.3,1,7,11.9,21.1,NA
"2021-02-21 18:00",61,62,60,62,60,NA,0,95,98,96,24,27,26.8,74,67,64,3.7,6,5.3,9.4,21.1,NA
"2021-02-21 19:00",60,60,59,60,59,NA,0,97,97,96,23.9,27,26.9,74,67,64,0.01,13,4.9,8.9,21.1,NA
"2021-02-21 20:00",59,59,58,59,58,NA,0,97,97,96,23.7,27,26.9,73,66,64,0.01,52,5.9,10.6,21.1,NA
"2021-02-21 21:00",58,59,58,58,57,NA,0,97,96,94,23.6,27.1,26.9,73,66,64,0.01,39,7.5,13.8,20.9,NA
"2021-02-21 22:00",57,58,56,58,56,NA,0,95,98,95,23.4,27,26.8,72,65,64,0.01,48,5.2,10.3,21,NA
"2021-02-21 23:00",55,58,53,56,55,NA,0,98,99,98,23.2,27,26.7,72,64,64,0,41,3.6,8.5,20.9,NA
"2021-02-22 00:00",65,65,64,65,62,18,0,92,92,90,23,13.4,16.8,72,74,40,0.01,57,1.8,3.6,NA,NA
"2021-02-22 01:00",65,65,64,64,62,NA,0,90,91,88,23,13.4,16.8,72,74,40,0,65,1.6,5.2,NA,NA
"2021-02-22 02:00",65,65,65,65,60,NA,0,88,87,83,23,13.5,16.8,72,73,40,0.01,77,2.5,5.4,NA,NA
"2021-02-22 03:00",66,66,65,65,61,NA,0,84,86,83,23,13.4,16.8,72,73,40,0,75,1.8,5,NA,NA
"2021-02-22 04:00",66,66,66,66,62,NA,0,86,86,85,23,13.4,16.8,71,73,40,0.01,67,2,4,NA,NA
"2021-02-22 05:00",66,67,66,66,62,NA,0,86,86,83,23,13.5,16.8,71,72,40,0.01,69,2,4.4,NA,NA
"2021-02-22 06:00",67,67,66,66,61,NA,0,85,85,82,23,13.5,16.8,72,72,40,1.22,73,2.1,4.6,NA,NA
"2021-02-22 07:00",67,68,67,67,62,NA,0,82,84,81,23,13.6,16.8,71,72,40,69.96,70,1.5,3.7,NA,NA
"2021-02-22 08:00",71,73,69,68,62,NA,0,81,78,69,23,13.6,16.7,71,72,40,280.9,302,0.5,2.7,NA,NA
"2021-02-22 09:00",74,76,74,73,62,NA,0,69,66,64,23,13.7,16.7,70,72,40,555.7,276,1.1,4,NA,NA
"2021-02-22 10:00",76,76,75,76,63,NA,0,64,67,64,23,13.7,16.7,72,72,40,746.3,236,1.7,5,NA,NA
"2021-02-22 11:00",77,78,76,76,64,NA,0,65,67,63,23,13.7,16.7,76,72,40,817,244,2,7.3,NA,NA
"2021-02-22 12:00",76,77,75,78,64,NA,0,66,73,65,23,13.7,16.7,79,72,40,782.8,248,1.9,5.8,NA,NA
"2021-02-22 13:00",75,77,74,76,65,NA,0,67,74,64,23,13.8,16.7,81,73,40,379.1,263,1.6,5.4,NA,NA
"2021-02-22 14:00",73,73,72,74,65,NA,0,73,83,75,23,13.8,16.7,81,74,40,289.4,250,1.4,5.7,NA,NA
"2021-02-22 15:00",74,74,74,73,65,NA,0,75,76,72,23,13.9,16.7,80,75,40,378.6,251,1.5,5.6,NA,NA
"2021-02-22 16:00",74,76,74,74,66,NA,0,74,80,71,23,13.9,16.7,80,75,40,282,269,1.4,5.5,NA,NA
"2021-02-22 17:00",71,73,70,74,67,NA,0.03,77,93,81,23,13.9,16.6,79,75,40,105.7,281,1.4,5.7,NA,NA
"2021-02-22 18:00",69,70,69,70,67,NA,0.01,93,94,92,23,13.9,16.6,78,76,40,7.92,328,0.1,1.9,NA,NA
"2021-02-22 19:00",68,69,68,69,67,NA,0,93,95,94,23,13.9,16.6,77,76,40,0.01,75,0.7,2.8,NA,NA
"2021-02-22 20:00",68,68,68,68,66,NA,0.19,95,96,94,23,13.9,16.6,76,76,40,0.01,88,1.3,6.1,NA,NA
"2021-02-22 21:00",67,67,67,68,65,NA,0.05,96,96,95,22.7,13.9,16.6,76,75,40,0.01,72,1.9,4.6,NA,NA
"2021-02-22 22:00",66,66,66,67,64,NA,0,96,96,91,22.7,10.6,16.5,74,75,40,0.01,81,2.5,6.4,NA,NA
"2021-02-22 23:00",66,66,66,66,62,NA,0,91,89,88,22.7,9.6,16.5,74,75,40,0.01,72,2.7,7.7,NA,NA
"2021-02-22 00:00",68,69,68,69,62,22,0,80,81,79,NA,25.8,32.7,70,71,71,0.01,96,4.5,12.8,42.9,71
"2021-02-22 01:00",69,69,69,68,61,NA,0,80,77,76,NA,25.7,32.8,70,71,71,0.01,73,5.9,15.3,42.9,71
"2021-02-22 02:00",69,69,69,69,60,NA,0,77,77,72,NA,25.8,32.8,69,70,71,0.01,76,6.3,13.8,42.9,71
"2021-02-22 03:00",69,69,69,69,61,NA,0,74,78,74,NA,25.8,32.7,69,70,71,0.01,70,6,15.3,42.9,71
"2021-02-22 04:00",69,69,69,69,62,NA,0,77,79,74,NA,25.8,32.8,69,70,71,0.01,69,7.2,16.9,42.8,71
"2021-02-22 05:00",68,68,67,69,61,NA,0,77,81,77,NA,25.9,32.8,69,70,71,0.01,91,5.3,16.5,42.8,71
"2021-02-22 06:00",68,68,68,68,60,NA,0,81,78,74,NA,25.7,32.7,69,70,71,1.75,83,5.3,16.2,42.8,71
"2021-02-22 07:00",69,69,69,68,61,NA,0,74,79,75,NA,25.8,32.6,68,70,71,78.66,77,6,17,42.8,71
"2021-02-22 08:00",71,72,70,69,63,NA,0,75,79,75,NA,25.8,32.6,68,70,71,324,66,6.5,17.1,42.8,71
"2021-02-22 09:00",72,72,72,72,63,NA,0,75,75,71,NA,25.8,32.7,68,70,71,556.2,59,8.2,19.7,42.8,71
"2021-02-22 10:00",73,73,72,72,64,NA,0,75,76,73,NA,25.6,32.7,68,69,71,693.5,64,8.7,20.8,42.8,71
"2021-02-22 11:00",74,74,73,73,63,NA,0,76,72,66,NA,25.5,32.6,69,69,71,855,60,8.5,21.2,42.8,71
"2021-02-22 12:00",74,74,74,74,64,NA,0,66,74,68,NA,25.3,32.6,70,70,71,889,59,8.9,20,42.8,71
"2021-02-22 13:00",74,74,73,74,65,NA,0,74,75,72,NA,25.2,32.6,71,70,71,857,62,9.5,20.2,42.8,71
"2021-02-22 14:00",72,73,71,73,65,NA,0,74,81,75,NA,25.1,32.6,72,70,71,381,61,9.1,17.7,42.8,71
"2021-02-22 15:00",72,72,71,71,65,NA,0,81,81,77,NA,25,32.6,73,70,71,221.4,61,9.2,19.6,42.8,71
"2021-02-22 16:00",71,71,71,71,64,NA,0,80,81,78,NA,25,32.5,73,70,71,79.98,66,8.5,20.2,42.8,71
"2021-02-22 17:00",70,70,69,71,64,NA,0,81,82,79,NA,25.1,32.6,73,71,71,39.32,77,8,17.8,42.8,71
"2021-02-22 18:00",69,69,69,69,64,NA,0,82,86,82,NA,25.1,32.6,73,71,71,3.66,79,6.8,14.9,42.7,71
"2021-02-22 19:00",68,68,68,69,64,NA,0,86,86,84,NA,25.1,32.5,72,71,71,0.02,75,7,16.1,42.8,71
"2021-02-22 20:00",68,69,68,68,63,NA,0,85,84,81,NA,25.1,32.5,72,71,71,0.01,73,6.3,16.2,42.8,71
"2021-02-22 21:00",69,69,69,69,62,NA,0,81,81,79,NA,25.1,32.5,72,71,71,0.01,68,7.1,15.4,42.7,71
"2021-02-22 22:00",69,69,68,69,62,NA,0,81,80,78,NA,25.1,32.5,71,71,71,0.01,70,7.9,18.6,42.7,71
"2021-02-22 23:00",69,69,69,68,61,NA,0,80,78,73,NA,25.2,32.5,71,71,71,0.01,71,7.3,19,42.7,71
"2021-02-22 00:00",54,54,53,54,52,NA,0,94,94,93,17.8,25.9,26.6,63,64,62,0.11,140,4.5,7.4,NA,NA
"2021-02-22 01:00",53,54,52,54,52,NA,0,94,96,92,17.6,25.8,26.6,62,64,62,0.1,127,3.4,5.7,NA,NA
"2021-02-22 02:00",51,54,50,54,48,NA,0,94,92,90,17.7,25.9,26.6,62,64,62,0.08,153,5.4,8.5,NA,NA
"2021-02-22 03:00",50,51,49,50,47,NA,0,90,91,88,17.8,25.8,26.7,62,64,62,0,144,5.6,8.7,NA,NA
"2021-02-22 04:00",50,52,49,49,46,NA,0,88,87,79,17.8,25.7,26.6,61,63,62,0,148,4.8,7,NA,NA
"2021-02-22 05:00",49,50,48,49,45,NA,0,87,87,84,17.8,25.8,26.6,61,63,62,0,153,5.6,8.8,NA,NA
"2021-02-22 06:00",49,50,48,48,45,NA,0,84,87,84,17.8,25.7,26.6,60,63,62,1.86,158,6,8.9,NA,NA
"2021-02-22 07:00",51,55,49,49,47,NA,0,87,88,83,17.8,25.7,26.6,60,62,62,110,151,4,6.1,NA,NA
"2021-02-22 08:00",58,59,56,55,52,NA,0,83,84,77,17.7,25.6,26.7,60,62,62,360.6,343,2.4,7.6,NA,NA
"2021-02-22 09:00",62,63,60,59,53,NA,0,77,78,68,17.8,25.6,26.6,59,62,62,542.7,66,3.6,10.8,NA,NA
"2021-02-22 10:00",63,64,62,63,56,NA,0,68,89,71,17.8,25.6,26.7,59,62,62,649.8,54,5.3,14.2,NA,NA
"2021-02-22 11:00",63,64,61,62,58,NA,0,89,89,81,17.7,25.5,26.7,59,62,62,613.6,52,6.1,13.4,NA,NA
"2021-02-22 12:00",65,66,64,61,58,NA,0,89,82,75,17.7,25.5,26.7,59,62,62,918,59,8.1,17.1,NA,NA
"2021-02-22 13:00",63,65,62,66,57,NA,0,77,84,78,17.8,25.6,26.7,60,62,62,507.1,53,5.5,10.5,NA,NA
"2021-02-22 14:00",62,62,62,62,58,NA,0,84,89,87,17.9,25.5,26.7,61,62,62,356.1,44,4.7,11.2,NA,NA
"2021-02-22 15:00",60,61,59,62,58,NA,0,88,96,89,17.9,25.4,26.7,62,62,62,258.8,36,4.6,10.3,NA,NA
"2021-02-22 16:00",60,61,59,59,58,NA,0,96,97,91,18,25.5,26.7,62,63,62,231.2,21,4.3,10,NA,NA
"2021-02-22 17:00",59,60,59,59,57,NA,0,94,93,91,18.1,25.5,26.7,63,63,62,77.92,43,3.3,6.9,NA,NA
"2021-02-22 18:00",58,59,57,59,56,NA,0,93,94,92,18,25.4,26.6,63,63,62,3.77,86,3.3,6.8,NA,NA
"2021-02-22 19:00",56,57,54,58,54,NA,0,92,95,90,18.5,25.5,26.7,63,64,62,0.01,112,3.4,6,NA,NA
"2021-02-22 20:00",54,55,52,54,51,NA,0,93,93,90,18.3,25.5,26.7,63,64,62,0.01,125,2.7,5.3,NA,NA
"2021-02-22 21:00",52,53,51,53,50,NA,0,92,94,88,18.5,25.5,26.7,63,64,62,0.01,141,4.8,7,NA,NA
"2021-02-22 22:00",51,53,49,53,48,NA,0,88,94,88,18.4,25.4,26.7,63,64,62,0.01,132,4,6,NA,NA
"2021-02-22 23:00",50,50,49,49,47,NA,0,94,91,86,18.5,25.4,26.7,63,64,62,0,153,6,8.4,NA,NA
"2021-02-22 00:00",47,48,46,48,47,NA,0,100,100,100,NA,58.8,NA,55,54,52,0.06,233,4.2,7.6,NA,NA
"2021-02-22 01:00",45,45,44,46,45,NA,0,100,100,100,NA,58.8,NA,54,54,52,0.03,261,3.3,8.8,NA,NA
"2021-02-22 02:00",45,46,43,45,43,NA,0,100,100,89,NA,58.8,NA,53,54,52,0.02,281,4.8,11.1,NA,NA
"2021-02-22 03:00",47,49,45,45,46,NA,0,93,99,95,NA,58.6,NA,52,54,52,0.03,261,2.3,5.7,NA,NA
"2021-02-22 04:00",46,46,45,45,46,NA,0,97,100,100,NA,58.6,NA,52,54,52,0.03,267,4.7,9.2,NA,NA
"2021-02-22 05:00",44,46,43,45,43,NA,0,100,98,92,NA,58.5,NA,52,53,52,0.03,273,4.5,8.5,NA,NA
"2021-02-22 06:00",46,48,45,44,45,NA,0,92,99,92,NA,58.5,NA,51,53,52,1.68,237,3.6,8.9,NA,NA
"2021-02-22 07:00",45,47,43,45,44,NA,0,98,100,98,NA,58.4,NA,51,53,52,45.46,259,4.7,10.9,NA,NA
"2021-02-22 08:00",50,52,47,47,46,NA,0,100,100,80,NA,58.4,NA,50,53,52,242,260,4.6,10.8,NA,NA
"2021-02-22 09:00",50,51,49,52,48,NA,0,81,100,88,NA,58.4,NA,51,53,52,221.1,86,2.9,7.5,NA,NA
"2021-02-22 10:00",52,53,51,49,48,NA,0,100,89,80,NA,58.4,NA,53,53,52,340.9,60,3.3,9.6,NA,NA
"2021-02-22 11:00",53,54,52,52,51,NA,0,85,96,89,NA,58.3,NA,54,53,52,375.3,156,4.3,8.5,NA,NA
"2021-02-22 12:00",53,54,52,52,51,NA,0,96,96,88,NA,58.3,NA,56,53,52,449.5,159,4.9,9.6,NA,NA
"2021-02-22 13:00",53,53,53,54,51,NA,0,88,95,87,NA,58.3,NA,58,53,52,485.6,154,5.1,10.4,NA,NA
"2021-02-22 14:00",53,54,52,53,50,NA,0,91,93,86,NA,58.3,NA,60,53,52,511.5,153,5.5,12,NA,NA
"2021-02-22 15:00",54,56,53,54,49,NA,0,86,88,80,NA,58.3,NA,60,53,52,551.6,185,5.7,10.3,NA,NA
"2021-02-22 16:00",52,54,50,53,50,NA,0,88,99,85,NA,58.2,NA,62,53,52,165,161,4.2,8,NA,NA
"2021-02-22 17:00",50,50,49,50,50,NA,0.05,99,100,99,NA,58.3,NA,61,53,52,51.44,186,3.4,7.3,NA,NA
"2021-02-22 18:00",49,50,49,49,49,NA,0.04,100,100,100,NA,58.2,NA,59,54,52,2.52,194,2.8,5.2,NA,NA
"2021-02-22 19:00",49,49,49,49,49,NA,0.07,100,100,100,NA,58.1,NA,58,54,52,0.01,205,2.4,5.4,NA,NA
"2021-02-22 20:00",48,49,48,49,48,NA,0.02,100,100,100,NA,58.2,NA,56,54,52,0.02,184,2.8,6.8,NA,NA
"2021-02-22 21:00",46,47,45,48,46,NA,0,100,100,99,NA,58.3,NA,56,54,52,0.02,262,5,8.3,NA,NA
"2021-02-22 22:00",48,49,47,46,46,NA,0.01,99,99,92,NA,58.4,NA,55,54,52,0.01,284,3.2,8.9,NA,NA
"2021-02-22 23:00",48,49,48,48,48,NA,0.03,99,100,94,NA,58.3,NA,54,54,52,0.01,186,1.9,7.7,NA,NA
"2021-02-22 00:00",41,42,40,38,20,32.3,0,88,49,38,19.8,27.6,11.3,42,50,47,0,15,5.5,10,NA,NA
"2021-02-22 01:00",41,42,41,40,13,NA,0,38,32,29,19.8,27.5,11.3,40,50,47,0,16,7.1,11.6,NA,NA
"2021-02-22 02:00",40,42,39,41,15,NA,0,32,38,31,19.7,27.6,11.3,39,49,47,0,16,6.8,11.2,NA,NA
"2021-02-22 03:00",41,43,39,42,16,NA,0,34,41,29,19.5,27.6,11.3,38,49,47,0,36,6.8,12.8,NA,NA
"2021-02-22 04:00",42,43,42,43,11,NA,0,29,31,23,19.4,27.5,11.4,38,49,47,0,25,7.5,15,NA,NA
"2021-02-22 05:00",43,44,42,43,5,NA,0,23,24,16,19.3,27.5,11.4,37,48,47,0,15,6.8,13,NA,NA
"2021-02-22 06:00",44,44,43,44,4,NA,0,18,20,17,19,27.5,11.3,37,48,47,3.82,8,6.7,14.2,NA,NA
"2021-02-22 07:00",46,46,45,44,13,NA,0,17,34,17,18.9,27.5,11.2,36,47,48,149.9,60,8.2,13.9,NA,NA
"2021-02-22 08:00",47,49,45,46,24,NA,0.01,34,54,29,18.9,27.4,11.4,36,47,48,386.3,57,8.1,14.2,NA,NA
"2021-02-22 09:00",48,49,47,49,36,NA,0,29,86,32,19.1,27.4,11.2,37,47,48,597.9,68,8,15,NA,NA
"2021-02-22 10:00",49,50,48,47,39,NA,0,86,79,57,19.4,27.4,11.2,42,46,48,743.4,78,9,17.1,NA,NA
"2021-02-22 11:00",49,50,49,48,44,NA,0,75,84,82,19.2,27.5,11.3,49,46,48,828,92,8.4,15.3,NA,NA
"2021-02-22 12:00",50,51,50,50,41,NA,0,82,78,62,18.8,27.5,11.2,54,46,48,912,85,8.2,14.9,NA,NA
"2021-02-22 13:00",50,53,48,51,40,NA,0,68,77,59,18.5,27.4,11.2,60,46,48,847,88,8.7,16.7,NA,NA
"2021-02-22 14:00",47,48,46,50,41,NA,0,61,83,78,18,27.4,11.3,62,46,48,713.1,97,7.4,16.8,NA,NA
"2021-02-22 15:00",45,46,44,46,41,NA,0,83,92,83,17.7,27.3,11.2,63,47,48,497.9,96,6.6,13.3,NA,NA
"2021-02-22 16:00",46,47,45,44,40,NA,0,86,87,72,17.5,27.3,11.3,62,47,48,394.4,79,7,12.8,NA,NA
"2021-02-22 17:00",43,44,43,45,39,NA,0,87,88,82,17.2,27.2,11.3,59,48,48,191.4,58,7.1,12.4,NA,NA
"2021-02-22 18:00",42,44,41,43,40,NA,0,82,96,86,17,27.1,11.3,55,49,48,11.11,51,6.6,12.5,NA,NA
"2021-02-22 19:00",41,42,40,41,35,NA,0,96,96,59,17,27,11.3,51,49,48,0.01,27,6,10.1,NA,NA
"2021-02-22 20:00",41,43,40,40,23,NA,0,96,84,28,16.9,27,11.2,48,50,48,0,18,4.7,9.2,NA,NA
"2021-02-22 21:00",40,41,39,43,18,NA,0,28,49,34,16.9,27,11.2,45,50,48,0,28,6.5,16.4,NA,NA
"2021-02-22 22:00",40,41,39,39,35,NA,0,43,92,70,17,26.9,11.2,42,50,48,0.01,33,8.1,14.7,NA,NA
"2021-02-22 23:00",41,41,40,41,38,NA,0,91,95,86,16.9,26.9,11.3,42,50,48,0.02,44,8,14.3,NA,NA
"2021-02-22 00:00",56,56,54,58,55,6.7,0,99,100,99,22.9,27,26.9,71,64,64,0.01,60,3.8,6.6,21.1,NA
"2021-02-22 01:00",54,54,53,54,53,NA,0,100,100,97,22.9,26.9,26.9,71,63,64,0.01,60,4.6,8.7,21,NA
"2021-02-22 02:00",53,55,52,53,53,NA,0,97,98,95,22.9,26.7,26.6,70,63,64,0.01,62,5.1,9.9,21,NA
"2021-02-22 03:00",54,55,54,53,53,NA,0,98,97,95,22.5,27,26.5,70,62,64,0,52,6,10.1,21,NA
"2021-02-22 04:00",54,54,52,55,53,NA,0,97,98,96,22.5,26.7,26.6,69,62,64,0.01,92,4.6,8.3,21.1,NA
"2021-02-22 05:00",49,49,48,54,48,NA,0,98,98,96,22.3,26.8,26.8,69,61,64,0.01,131,2.4,5.3,21.1,NA
"2021-02-22 06:00",47,49,46,48,46,NA,0,97,97,96,22.3,26.6,26.7,69,61,64,2.28,134,1.8,4.1,21.2,NA
"2021-02-22 07:00",53,56,50,47,53,NA,0,97,98,93,22.1,26.7,26.6,68,60,64,142.5,96,2.1,6.6,21.2,NA
"2021-02-22 08:00",60,62,58,56,57,NA,0,93,91,84,22.1,26.7,26.8,68,60,64,386.3,54,7.7,14.4,20.9,NA
"2021-02-22 09:00",65,66,64,62,60,NA,0,84,86,80,22,26.7,26.7,67,60,64,574.8,61,12,20.5,20.9,NA
"2021-02-22 10:00",66,67,64,66,59,NA,0,80,85,74,22,26.7,26.6,67,60,64,638.7,62,15.5,24.7,21.1,NA
"2021-02-22 11:00",67,68,67,64,58,NA,0,85,76,70,21.9,26.7,26.9,67,61,64,769,70,14.4,22.7,21,NA
"2021-02-22 12:00",70,71,69,68,60,NA,0,70,74,68,22,26.6,26.7,68,62,64,887,62,16,23.5,21,NA
"2021-02-22 13:00",67,68,66,71,60,NA,0,74,80,76,22.2,26.5,26.7,69,63,64,573.4,61,13.8,21.7,21,NA
"2021-02-22 14:00",64,66,63,66,60,NA,0,80,90,80,22.4,26.6,26.6,70,64,64,187.1,62,11.8,19.8,21,NA
"2021-02-22 15:00",62,62,61,63,60,NA,0,90,96,94,22.7,26.6,26.5,71,65,64,88.9,63,10.8,20.3,20.9,NA
"2021-02-22 16:00",61,61,61,61,60,NA,0,96,98,95,22.8,26.7,26.9,71,65,64,69.02,65,10,18,21.1,NA
"2021-02-22 17:00",61,61,60,61,60,NA,0,98,98,95,22.6,26.6,26.6,71,65,64,78.44,68,10.4,17.4,20.9,NA
"2021-02-22 18:00",60,61,60,61,59,NA,0,95,96,94,22.7,26.5,26.8,71,64,64,6.11,75,11,17.2,21.1,NA
"2021-02-22 19:00",59,59,59,60,58,NA,0,96,97,97,22.5,26.5,26.4,71,64,64,0.01,66,9.8,16.9,20.9,NA
"2021-02-22 20:00",59,59,58,59,57,NA,0,97,97,94,22.3,26.5,26.8,71,64,64,0.01,60,10.3,18.2,21.1,NA
"2021-02-22 21:00",57,58,56,59,56,NA,0,94,97,95,22.3,26.5,26.6,70,64,64,0.01,49,6.8,13.7,21,NA
"2021-02-22 22:00",55,57,53,56,54,NA,0,97,97,95,22.3,26.5,26.4,70,63,64,0.01,48,5.3,11.3,20.9,NA
"2021-02-22 23:00",56,57,53,57,54,NA,0,97,97,93,22,26.5,26.9,70,63,64,0.01,66,4,9.9,21.1,NA
